schdule,candidate_id,order_id,candidate_id
SCH-US-0000160440,1a740744-fb06-4173-8c33-bfc204efda6e,0389c160-dc40-11ec-b483-3b3914da37bc,CID080026643
SCH-US-0000160435,7c13e5b1-889f-4230-9f3a-53866ceb70a7,a2ca17f0-dab2-11ec-aa31-390683542fa8,CID079090797
SCH-US-0000160438,4df0265f-8655-45e4-b691-198eaaeb9bbb,a2f08980-daa3-11ec-a3f6-5f1d9f58074f,4df0265f-8655-45e4-b691-198eaaeb9bbb
SCH-US-0000160441,8ee99586-a836-49bc-9094-c66b865bafc7,d5ce6bbb-30a3-445e-a9b8-73b9d8745c78,CID079293815
SCH-US-0000166265,64f3ca49-7299-4f83-86d7-1cbdf9440343,c452b15c-4540-4b8f-8eba-c4b81e5bf284,64f3ca49-7299-4f83-86d7-1cbdf9440343
SCH-US-0000166265,64f3ca49-7299-4f83-86d7-1cbdf9440343,d36fef20-d859-11ec-8ecc-9735f5d7d599,64f3ca49-7299-4f83-86d7-1cbdf9440343
SCH-US-0000166265,dc109017-f927-4a4c-9993-aead66ccd8c2,8f9685ca-20b3-47eb-9a0f-dd40f1ed0fcb,CID080132595
SCH-US-0000160902,324e1d60-3d22-430b-a685-68bd1e578fd9,e924d8c0-dc60-11ec-8b4d-11696ba5120a,CID076326721
SCH-US-0000164430,06109e50-a490-44b4-a053-338751932919,14a588bef63f-4f91-a927-bfb7eca7b193,06109e50-a490-44b4-a053-338751932919
SCH-US-0000162247,94de6814-19cb-4b2f-ab15-2ad424dd0681,55aebb20-d52a-11ec-85b9-599ecef81dab,94de6814-19cb-4b2f-ab15-2ad424dd0681
SCH-US-0000166099,532d9e8a-531c-4414-8991-b7191a3082ec,d9a3c33b-8cd7-44e2-b920-8f55fcad8a44,532d9e8a-531c-4414-8991-b7191a3082ec
SCH-US-0000165218,190eab15-a3b8-41f2-9b88-d2ff0dc797bf,96d6c9e0-db78-11ec-af7f-9561dd4c5e61,CID074146413
SCH-US-0000165450,24b23f74-1478-4306-8f8d-ac2dd2a9ce0e,860e6685-74ed-40a9-bced-974511369220,CID080131453
SCH-US-0000162291,6e9100e8-12d9-4184-ac81-594982a2e541,6dbfdde0-db9a-11ec-b9a7-a1660a947264,CID034751697
SCH-US-0000165218,30c3bea9-9341-4a57-85b9-782757d3cf01,f281dde6-c4d7-4b2f-a7f9-3985381a2f47,CID080216309
SCH-US-0000164873,99d6e5b4-8a78-4fae-b450-81e44f2f6300,5f11865d-9a83-44e3-86ed-942e60048692,CID007208430
SCH-US-0000161571,323b4606-6bb9-42b8-8784-20b149c882f1,52568e58-5c15-4a9a-8f6f-ae9ad962699c,CID053426449
SCH-US-0000165355,96d92cc0-418d-47fb-aa2b-cc8342e2438c,1e7b1322-03ec-4743-b400-93c2d5519525,CID052083137
SCH-US-0000162254,69a69932-4ccd-4cee-934f-801c43160f9c,72d49468-56b3-4935-b158-c2d5bf31080d,CID079900597
SCH-US-0000167210,f8bf1894-9406-4b15-8010-7b537dcb5b70,ff5f01941279-448c-bbaf-adbd39b35aaa,f8bf1894-9406-4b15-8010-7b537dcb5b70
SCH-US-0000161775,29583802-0f22-446f-abee-1b4dce95fdde,4a37fa33-da5a-4baf-bf06-c0f64bc81f33,29583802-0f22-446f-abee-1b4dce95fdde
SCH-US-0000160442,6d5a5abf-79ab-4b0d-ab14-3397affa08e8,b23b6faf-16ed-465b-afb7-4d8b903aac67,6d5a5abf-79ab-4b0d-ab14-3397affa08e8
SCH-US-0000160435,f8f51baa-db99-4ab1-9f6a-871452c58646,c069228a-6182-44eb-9744-06aa609f74d4,CID074797539
SCH-US-0000160437,cec01797-f640-497b-b209-7584ac12e77b,63be107a-f633-4a36-8bfc-b1e4b85cd566,cec01797-f640-497b-b209-7584ac12e77b
SCH-US-0000160435,3c802008-31ad-4a52-bf5c-518c6a5a11ed,eb3e1a59-a148-4fcb-b400-cec6ca053985,3c802008-31ad-4a52-bf5c-518c6a5a11ed
SCH-US-0000160442,49bd4575-7431-46b4-86eb-9ab15b85f1c2,5f886516-b65d-45bb-ab90-be5e90c41868,49bd4575-7431-46b4-86eb-9ab15b85f1c2
SCH-US-0000160438,570e36d9-47fd-4d77-8f31-9185c16fa6d7,66c57604-bb29-4817-a8c9-79f61e75427a,570e36d9-47fd-4d77-8f31-9185c16fa6d7
SCH-US-0000160444,746810ed-0197-436a-bef5-29c055ec5982,Prod-Order-29148996-20200428112441,CID018707815
SCH-US-0000166265,7db3d7eb-b7fd-4394-9c7e-0c119b7e90ee,45604f28-8e8f-41fd-8761-34257b584380,7db3d7eb-b7fd-4394-9c7e-0c119b7e90ee
